[
  {
    "id": "1fba6492-5285-4749-98fd-77ecd403fc1a",
    "phoneNumber": "082211265931",
    "fullName": "NowMeee",
    "password": "NowMeee",
    "createdAt": "2025-05-18T14:43:23.217Z",
    "isWhatsappVerified": true
  },
  {
    "id": "77b7577d-5bfe-4b72-bbca-bf8e89224cf7",
    "phoneNumber": "081343420022",
    "fullName": "Cibai1337",
    "password": "3434243342423342",
    "createdAt": "2025-05-18T15:16:42.092Z",
    "isWhatsappVerified": true
  },
  {
    "id": "f732aee6-e2e6-4be9-8842-9bc3d7f0dbbe",
    "phoneNumber": "081295211462",
    "fullName": "muhammad naufal",
    "password": "qwe123",
    "createdAt": "2025-05-19T04:42:18.753Z",
    "isWhatsappVerified": true
  },
  {
    "id": "d0ec514e-20ac-46e0-8281-3e6e0c56f2c8",
    "phoneNumber": "081254885885",
    "fullName": "James K",
    "password": "0808as98745q",
    "createdAt": "2025-05-19T05:28:47.646Z",
    "isWhatsappVerified": true
  }
]